 ,bis,Komplett,Beendet,gelesen bis,Typ,Zugang,Verlag,Kommentar,VÖ +1,VÖ +2,VÖ +3,VÖ +4,VÖ +5
A Returner's Magic Should Be Special,7,Nein,Nein,7,Manhwa,08.2022,Altraverse,,TBA,KR 7,,,
A Wild Last Boss Appeared! – Der schwarzgeflügelte Overlord,5,Nein,Nein,3,Manga,05.2025,Manga Jam Session,,02.10.2026,05.02.0207,,,
Accel World – Light Novel,5,Nein,Nein,0,Light Novel,03.2025,Tokoypop,,Band 25 11.06.2025,,,,
Albus verändert die Welt,2,Nein,Nein,0,Manga,07.2026,Altraverse,,12.10.2026,,,,
Angels of Death,12,Ja,Ja,0,Manga,11.2025,Tokoypop,,Beendet,,,,
Angels of Death Episode.0,4,Nein,Ja,0,Manga,10.2025,Tokoypop,Band 7 abschluss,14.10.2026,13.01.2027,,,
Arifureta,16,Nein,Nein,13,Manga,07.2022,Altraverse,,TBA,JP16,,,
Arifureta: Der Kampf zurück in meine Welt – Zero,3,Nein,Ja,0,Manga,12.2025,Altraverse,Band 8 Abschluss,14.09.2026,,,,
"Ascendance of a Bookworm: Kein Weg ist zu weit, um Bibliothekarin zu werden",2,Nein,Nein,0,Light Novel,12.2023,JNC Nina,,Fortlaufend,,,,
Assassin's Creed: Die Geschichte von Iga,1,Nein,Ja,0,Manga,07.2026,Panini Manga,3 Bände,TBA,,,,
Attack on Titan,34,Ja,Ja,0,Manga,08.2022,Carlsen Manga,Sammelschuber,Beendet,,,,
Ayashimon,3,Ja,Ja,3,Manga,05.2023,Crunchyroll,,Beendet,,,,
Bad Girl Exorcist Reina,6,Ja,Ja,3,Manga,12.2023,Egmont Manga,,Beendet,,,,
Battle Angel Alita - Other Stories - Perfect Edition,1,Ja,Ja,0,Manga,08.2022,Carlsen Manga,Sammelschuber,Beendet,,,,
Battle Angel Alita - Perfect Edition,4,Ja,Ja,4,Manga,01.1900,Carlsen Manga,Sammelschuber,Beendet,,,,
Blade & Bastard,6,Nein,Nein,3,Manga,11.2024,Altraverse,,12.10.2026,JP 8,,,
Blade & Bastard LN,5,Nein,Nein,1,Light Novel,12.2024,Altraverse,,TBA,JP 6,,,
BLISS – End of Gods,4,Nein,Nein,0,Manhwa,12.2024,Manlin,Vorraussichtlich 7 Bände,30.04.2026,,,,
Blood Blade,5,Nein,Ja,1,Manga,04.2025,Hayabusa,,Beendet,,,,
Brunhild,2,Nein,Nein,0,Light Novel,12.2023,JNC Nina,,Gestoppt,,,,
Cold – Die Kreatur,5,Nein,Nein,0,Manga,09.2025,Altraverse,,14.09.2026,,,,
Colorless,7,Ja,Ja,0,Manga,08.2023,Manga Cult,,Beendet,,,,
"Dad Is a Hero, Mom Is a Spirit, I’m a Reincarnator",1,Nein,Nein,1,Manga,07.2025,Dokico,verschoben 25.08,01.07.2026,,,,
Dahlia lässt den Kopf nicht hängen,8,Nein,Nein,1,Manga,02.2023,Altraverse,,TBA,JP 9,,,
Dai Dark,9,Nein,Nein,2,Manga,04.2023,Manga Cult,,TBA,JP 9,,,
Dark Paladin,12,Nein,Nein,4,Manga,09.2024,Loewe Manga,,10.09.2026,12.11.2026,14.01.2027,,
DARLING in the FRANXX,8,Ja,Ja,0,Manga,08.2024,Manga Cult,,Beendet,,,,
Das Band der Unterwelt,11,Nein,Nein,2,Manga,10.2022,Altraverse,,12.10.2026,JP 13,,,
Das Tsugumi-Projekt,7,Ja,Ja,2,Manga,11.2022,Altraverse,,Beendet,,,,
Dead Mount Death Play,15,Nein,Nein,0,Manga,04.2023,Altraverse,,10.08.2026,JP 16,,,
Deadpool Samurai,2,Ja,Ja,2,Manga,09.2022,Panini Manga,,Beendet,,,,
Deep Insanity: Nirvana,6,Ja,Ja,3,Manga,04.2023,Crunchyroll,,Beendet,,,,
Delicious in Dungeon,14,Ja,Ja,0,Manga,05.2023,Manga Cult,,Beendet,,,,
Demon King of God Killing,4,Nein,Nein,3,Manga,10.2023,Egmont Manga,,TBA,JP5,,,
Der Held ohne Klasse – Der Aufstieg eines Talentlosen,9,Nein,Nein,9,Manga,03.2023,Manga Jam Session,,07.08.2026,,,,
Der konkurrenzlose Weise – Mit der Hilfe von Gaming-Wissen zur Nummer Eins einer anderen Welt,11,Nein,Nein,10,Manga,01.2024,Altraverse,,12.10.2026,,,,
Der Markgraf startet mit Null Untertanen,3,Nein,Nein,3,Manga,11.2025,Manga Jam Session,,06.11.2026,05.03.2027,,,
Der Schleim-Reiseführer in das Land der Dämonen,8,Ja,Ja,8,Manga,11.2022,Altraverse,,Beendet,,,,
Der stärkste Held mit dem Mal der Schwäche,31,Nein,Nein,30,Manga,10.2022,Altraverse,,12.10.2026,,,,
Der verfluchte Koch zieht Flauscheohren-Mädchen im Labyrinth auf,1,Nein,Ja,0,Light Novel,01.2026,Tiny Tusk,3 Bände,TBA,,,,
Diamond in the Rough – Vom Schicksal geschliffen,9,Ja,Ja,2,Manga,03.2023,Altraverse,,Beendet,,,,
Die letzte Elfe,2,Nein,Nein,0,Manga,12.2025,Yomeru,,TBA,JP 3,,,
Die Schleim-Tagebücher,7,Nein,Nein,7,Manga,11.2022,Altraverse,,TBA,JP 7,,,
Die Welt verbeugt sich vor meinen Flammen,1,Nein,Nein,0,Light Novel,11.2024,JNC Nina,,Gestoppt,,,,
DNA²,5,Ja,Ja,5,Manga,01.1990,Carlsen Manga,,Beendet,,,,
Dragon Ball Massiv,14,Ja,Ja,7,Manga,07.2022,Carlsen Manga,,Beendet,,,,
Ein Landei aus dem Dorf vor dem letzten Dungeon sucht das Abenteuer in der Stadt,15,Ja,Ja,0,Light Novel,12.2022,Altraverse,,Beendet,,,,
Einfach Japanisch,1,Ja,Ja,0,Manga,08.2025,Altraverse,,Beendet,,,,
Fabiniku,13,Nein,Nein,3,Manga,11.2022,Manga Jam Session,,04.09.2026,08.01.2027,,,
Fairy Tail Massiv,21,Ja,Ja,0,Manga,03.2023,Carlsen Manga,,Beendet,,,,
Fullmetal Alchemist - Light Novels,6,Ja,Ja,0,Light Novel,02.2022,Altraverse,Sammelschuber,Beendet,,,,
Fullmetal Alchemist Ultra,9,Ja,Ja,0,Manga,08.2022,Altraverse,Sammelschuber,Beendet,,,,
GACHIAKUTA,17,Nein,Nein,4,Manga,04.2023,Altraverse,Sammelschuber je 5,14.09.2026,JP19,,,
Goblin Slayer LN,16,Nein,Nein,3,Light Novel,12.2022,Altraverse,,TBA,JP 16,,,
Goblin Slayer! Brand New Day,2,Ja,Ja,2,Manga,11.2022,Altraverse,,Beendet,,,,
Goblin Slayer! The Singing Death,9,Nein,Nein,4,Manga,11.2022,Altraverse,,TBA,JP9,,,
Goblin Slayer! Year One,13,Nein,Nein,0,Manga,08.2023,Altraverse,,10.08.2026,JP14,,,
Hell Mode: Unterforderter Hardcore-Gamer findet die ultimative Challenge in einer anderen Welt,6,Nein,Nein,5,Light Novel,12.2023,JNC Nina,,Fortlaufend,,,,
"Herr Lehrer, wir werden die Welt zerstören",7,Nein,Nein,0,Manga,05.2024,Altraverse,,10.08.2026,JP 7,,,
Highschool DxD,12,Ja,Ja,0,Manga,11.2022,Altraverse,Sammelschuber,Beendet,,,,
I'M STANDING ON A MILLION LIVES,19,Nein,Nein,5,Manga,07.2023,Manga Cult,,12.08.2026,,,,
"I""s",15,Ja,Ja,15,Manga,01.1900,Carlsen Manga,Sammelschuber,Beendet,,,,
"Ich bin eine Spinne, na und? - Die vier Schwestern",6,Ja,Ja,0,Manga,10.2022,Manga Cult,,Beendet,,,,
"Ich crafte die krassesten Magie-Items, aber sie sind immer verflucht",8,Nein,Nein,8,Manga,05.2025,Egmont Manga,,08.09.2026,,,,
Ich habe 300 Jahre lang Schleim getötet und aus Versehen das höchste Level erreicht,21,Nein,Nein,2,Light Novel,08.2022,Altraverse,Abschluss Band 30,TBA,,,,
Ich kämpfte zehn Jahre zwischen den Dimensionen und kehrte als Legende zurück,16,Nein,Nein,15,Manga,09.2022,Egmont Manga,,08.09.2026,,,,
Inu Yasha – New Edition,1,Nein,Ja,0,Manga,04.2023,Egmont Manga,,Beendet,,,,
Isekai Samurai,4,Nein,Nein,1,Manga,11.2025,Loewe Manga,,16.07.2026,,,,
Kaiju No. 8,16,Ja,Ja,16,Manga,11.2022,Crunchyroll,,Beendet,,,,
Kaiju No. 8 side B,2,Ja,Ja,0,Manga,11.2025,Crunchyroll,,Beendet,,,,
King in a Lab,5,Ja,Ja,5,Manga,09.2022,Altraverse,Sammelschuber,Beendet,,,,
Konosuba! God's Blessing On This Wonderful World!,9,Nein,Ja,1,Light Novel,12.2022,Tokoypop,,01.09.2026,JP17,,,
Line,1,Ja,Ja,1,Manga,01.1900,Carlsen Manga,,Beendet,,,,
Lovelock of Majestic War,4,Ja,Ja,2,Manga,11.2022,Manga Cult,,Beendet,,,,
Lycoris Recoil: Ganz normale Tage,1,Ja,Ja,0,Light Novel,,Panini Manga,,Beendet,,,,
Lycoris Recoil: React,1,Ja,Ja,0,Manga,11.2024,Panini Manga,,Beendet,,,,
Lycoris Recoil: Reload,3,Ja,Ja,1,Manga,09.2024,Panini Manga,,Beendet,,,,
Magi – The Labyrinth of Magic,37,Ja,Ja,5,Manga,11.2022,Kaze,,Beendet,,,,
Magic – The Gathering: Zerstöre die Menschheit. Sie kann nicht regeneriert werden.,10,Nein,Ja,0,Manga,09.2025,Panini Manga,Abschluss Band 18,18.08.2026,20.10.2026,15.12.2026,,
Magilumiere Inc.,10,Nein,Nein,0,Manga,01.2025,Crunchyroll,Abschluss Band 18,04.09.2026,,,,
Maid Skater,1,Nein,Nein,0,Manga,07.2026,Splitter Manga,,16.11.2026,,,,
Mashle: Magic and Muscles,18,Ja,Ja,5,Manga,08.2022,Carlsen Manga,,Beendet,,,,
Mein Isekai-Leben - Mit der Hilfe von Schleimen zum mächtigsten Magier einer anderen Welt,27,Nein,Nein,27,Manga,02.2023,Altraverse,,14.09.2026,09.11.2026,,,
Mein ruhiges Leben als Schmied in einer anderen Welt,4,Nein,Nein,4,Light Novel,11.2024,JNC Nina,,Gestoppt,,,,
Mein Untergang an der Schule Gottes,12,Nein,Nein,2,Manga,11.2022,Altraverse,,09.11.2026,,,,
Meine Arbeit als Missionar in einer gottlosen Welt,12,Nein,Nein,0,Manga,04.2023,Altraverse,,TBA,,,,
Meine Wiedergeburt als Schleim in einer anderen Welt,29,Nein,Nein,29,Manga,07.2022,Altraverse,,10.08.2026,,,,
Meine Wiedergeburt als Schleim in einer anderen Welt – Das Leben im Land der Dämonen,8,Nein,Nein,4,Manga,09.2024,Altraverse,,14.09.2026,JP 13,,,
Meine Wiedergeburt als Schleim in einer anderen Welt – Kleimans Rache,7,Nein,Nein,5,Manga,11.2023,Altraverse,,10.08.2026,,,,
Meine Wiedergeburt als Schleim in einer anderen Welt LN,22,Nein,Ja,16,Light Novel,12.2022,Altraverse,,14.12.2026,,,,
Mika’s Magic Market,6,Ja,Ja,6,Manga,11.2022,Egmont Manga,,Beendet,,,,
Minecraft – Eine Reise zum Ende der Welt,11,Nein,Nein,2,Manga,12.2024,Egmont Manga,,04.08.2026,,,,
Mononogatari – Die Wächter der Artefaktgeister,14,Nein,Nein,0,Manga,07.2023,Manga Cult,,11.11.2026,10.03.2027,,,
Mushoku Tensei - In dieser Welt mach ich alles anders,22,Nein,Nein,16,Manga,07.2022,Panini Manga,Sammelschuber je 7,TBA,JP 24,,,
Mushoku Tensei: Die Schatten des Magiers,1,Nein,Nein,0,Manga,07.2026,Panini Manga,,22.09.2026,17.11.2026,,,
My Senpai is Annoying,11,Nein,Ja,7,Manga,10.2022,Carlsen Manga,Abschluss Band 13,02.02.2027,,,,
My Status as an Assassin Obviously Exceeds the Hero's,6,Nein,Nein,4,Manga,01.2025,Tokoypop,,TBA,JP 7,,,
Naruto Massiv,24,Ja,Ja,7,Manga,07.2022,Carlsen Manga,,Beendet,,,,
Neon Genesis Evangelion [Perfect Edition],7,Ja,Ja,0,Manga,01.2023,Carlsen Manga,Sammelschuber,Beendet,,,,
NieR:Automata – Kurze Geschichten,1,Ja,Ja,0,Light Novel,08.2023,Altraverse,,Beendet,,,,
NieR:Automata – Lange Geschichten,1,Ja,Ja,0,Light Novel,04.2023,Altraverse,,Beendet,,,,
NieR:Automata – YoRHA Jungen,1,Ja,Ja,0,Light Novel,12.2023,Altraverse,,Beendet,,,,
Niji & Kuro - BUNT fürs Leben,3,Ja,Ja,3,Manga,04.2023,Egmont Manga,,Beendet,,,,
Nura – Herr der Yokai,25,Ja,Ja,0,Manga,01.2023,Kaze,,Beendet,,,,
Omniscient Reader's Viewpoint,14,Nein,Nein,9,Manhwa,03.2024,C Lines,Sammelschuber je 5 ,01.09.2026,,,,
One Piece,90,Nein,Nein,61,Manga,01.1900,Carlsen Manga,Sammelschuber 1-9,Fortlaufend,,,,
One Piece Episode A,2,Ja,Ja,0,Manga,08.2023,Carlsen Manga,,Beendet,,,,
One Piece Law,1,Ja,Ja,0,Manga,08.2025,Carlsen Manga,,Beendet,,,,
Overlord,10,Nein,Nein,0,Light Novel,12.2022,Tokoypop,,12.08.2026,,,,
Parallel World Pharmacy,7,Nein,Nein,7,Manga,06.2024,Tokoypop,,TBA,JP 12,,,
Radiant,19,Nein,Nein,8,Manga,11.2022,Altraverse,Sammelschuber je 4,TBA,,,,
Rairairai,3,Nein,Nein,0,Manga,04.2026,Egmont Manga,,08.09.2026,,,,
Reincarnated as a Sword: Another Wish,2,Nein,Nein,0,Manga,10.2025,Dokico,Band 6 abschluss,27.10.2026,29.12.2026,,,
Reincarnated into a Game as the Hero’s Friend – Running the Kingdom Behind the Scenes,2,Nein,Nein,1,Manga,04.2026,Tokoypop,,14.10.2026,13.01.2027,,,
Rock Lee Massiv,3,Ja,Ja,0,Manga,08.2023,Carlsen Manga,,Beendet,,,,
Sakamoto Days,22,Nein,Nein,6,Manga,11.2022,Carlsen Manga,,01.09.2026,01.12.2026,02.03.2027,,
Sanda,11,Nein,Ja,0,Manga,11.2024,Crunchyroll,Abschluss Band 16,04.09.2026,,,,
"Schritt für Schritt in einer neuen Welt: Niemand hat mir gesagt, dass es hier Monster gibt!",2,Nein,Nein,1,Light Novel,07.2025,JNC Nina,,Fortlaufend,,,,
Shangri-La Frontier,25,Nein,Nein,24,Manga,12.2023,Altraverse,,TBA,,,,
Snowball Earth,9,Nein,Nein,3,Manga,11.2022,Altraverse,,10.08.2026,JP 10,,,
Solo Leveling,15,Ja,Ja,13,Manhwa,07.2022,Altraverse,,Beendet,,,,
Solo Leveling LN,8,Ja,Ja,7,Light Novel,12.2023,Altraverse,,Beendet,,,,
Solo Leveling: Ragnarok,1,Nein,Nein,0,Manhwa,06.2026,Altraverse,,12.10.2026,KR 2,,,
Soul Eater Massiv,12,Ja,Ja,0,Manga,08.2022,Carlsen Manga,,Beendet,,,,
Spaßige Gebietsverteidigung für lässige Lehnsherren,4,Nein,Nein,2,Manga,09.2025,Altraverse,,14.09.2026,09.11.2026,,,
Super Mario - Seine größten Abenteuer,1,Ja,Ja,1,Manga,09.2022,Tokoypop,,Beendet,,,,
Super Smartphone,3,Ja,Ja,0,Manga,06.2025,Tokoypop,3 Bände,Beendet,,,,
Super String: Marco Polos Reise ins Multiversum,4,Ja,Ja,0,Light Novel,12.2023,Panini Manga,,Beendet,,,,
Sword Art Online – Light Novel,10,Nein,Nein,0,Light Novel,03.2025,Tokoypop,,Band 17 11.06.2025,,,,
The Advanced Player of the Tutorial Tower,17,Ja,Ja,17,Manhwa,01.2023,Paper Toons,,Beendet,,,,
The Beginning After the End,8,Nein,Nein,7,Manhwa,08.2023,Carlsen Manga,,29.09.2026,02.03.2027,,,
The Eminence in Shadow,5,Nein,Nein,5,Light Novel,12.2023,JNC Nina,,Gestoppt,JP 6,,,
The Former Assassin Who Got Reincarnated as a Noble Girl,2,Nein,Nein,2,Manga,05.2025,AniMachon,,TBA,,,,
The Grandmaster of Demonic Cultivation,11,Nein,Ja,1,Manhwa,11.2022,Tokoypop,13 Abschluss,12.08.2026,,,,
The Ichinose Family's Deadly Sins,6,Ja,Ja,0,Manga,05.2024,Hayabusa,,Beendet,,,,
The Rising of the Shield Hero – Light Novel,18,Nein,Nein,0,Manga,04.2025,Tokoypop,,11.11.2026,,,,
The Saint's Magic Power is Omnipotent,2,Nein,Nein,0,Light Novel,12.2023,JNC Nina,,Gestoppt,,,,
The World After the Fall,12,Nein,Nein,6,Manhwa,05.2024,C Lines,,29.09.2026,02.03.2027,,,
The World’s Finest Assassin Gets Reincarnated in Another World as an Aristocrat,2,Nein,Nein,1,Light Novel,07.2025,JNC Nina,,Fortlaufend,,,,
Togen Anki,22,Nein,Nein,2,Manga,02.2023,Panini Manga,,22.09.2026,15.12.2026,,,
Tomb Raider King,15,Nein,Nein,11,Manhwa,11.2022,Altraverse,,14.09.2026,,,,
Touring After the Apocalypse,7,Nein,Nein,2,Manga,01.2024,Carlsen Manga,,29.09.2026,JP 8,,,
Trash Ability: An unrivaled Thermo-Operator,2,Ja,Ja,0,Manga,07.2025,AniMachon,,Beendet,,,,
Undead Unluck,23,Nein,Ja,8,Manga,11.2022,Carlsen Manga,Abschluss Band 27,29.09.2026,11.01.2027,,,
Under Ninja,13,Nein,Nein,2,Manga,01.2023,Carlsen Manga,,01.09.2026,,,,
Verbotene Allianz – Boy meets Satan,4,Ja,Ja,4,Manga,11.2022,Manga Jam Session,,Beendet,,,,
Versus,5,Nein,Nein,1,Manga,04.2024,Manga Cult,,14.10.2026,,,,
Villain to Kill,12,Nein,Nein,10,Manhwa,08.2023,Paper Toons,,31.08.2026,02.11.2026,,,
"Vom Landei zum Schwertheiligen – Ich bin nur ein alter Schwertmeister vom Land, aber meine Schülerinnen lassen mich nicht in Frieden",7,Nein,Nein,1,Manga,04.2025,Loewe Manga,,08.10.2026,,,,
Watch Dogs Tokyo,3,Ja,Ja,0,Manga,04.2024,Tokoypop,,Beendet,,,,
Wiedergeburt in Maydare – Die bösartigste Hexe der Welt,10,Nein,Nein,3,Manga,11.2022,Altraverse,,TBA,JP 11,,,
Willkommen in der Dämonenfestung – du kämpfst jetzt auf der dunklen Seite,11,Nein,Nein,10,Manga,04.2024,Egmont Manga,,08.09.2026,,,,
Wind Breaker,20,Nein,Nein,0,Manga,04.2023,Tokoypop,,09.09.2026,11.11.2026,13.01.2027,,
Witch and Hound,3,Nein,Ja,0,Manga,01.2026,Egmont Manga,4 Bände,04.08.2026,,,,
Yakuza Reincarnation,15,Nein,Nein,13,Manga,03.2023,Manga Cult,,06.08.2026,07.01.2027,,,
YoRHa - Abstieg 11941,4,Ja,Ja,4,Manga,10.2022,Altraverse,,Beendet,,,,
,0,Nein,Nein,0,Manga,,Altraverse,,TBA,,,,